评论ID,用户名,评论内容,点赞数,回复时间,父评论ID
266746865328,余祎清,空降27.29,1,202506-26 14:58:07,0
266747601872,余祎清,36.13,0,202506-26 15:07:33,266746865328
266743915360,水木易酉,很恐怖的一点是这一把还没有到10级，如果多来点有构的图多拐几下或者兔兔早点来说不定可以破百藏,3,202506-26 14:16:44,0
266740736368,无he兮,绝密无终奇语999-&gt;0[星星眼],1,202506-26 13:30:53,0
266736658000,SubstituteTwo,这里也有799[哦呼],1,202506-26 12:44:49,0
266730810016,槐序之终,1g999[星星眼],1,202506-26 11:41:18,0
266729236736,青勿slyki,点刺×  神人✓[doge],6,202506-26 11:22:34,0
265651792129,御坂3333号,这俩人开头的鬼哭狼嚎且呼声渐起太变态了，笑死我了,48,202506-26 11:02:17,0
265669109361,雨落狅流之暗,周哭狼嚎,1,202506-26 14:37:16,265651792129
265673509121,兰登瘤奶面包,两个人的b动静简直像DNA双螺旋一般互相缠绕着上升,0,202506-26 15:43:40,265651792129
266726516144,欧布原生--凯,双人肉鸽🤔算是一个人打完这一层然后退掉另一个登吗,46,202506-26 10:46:16,0
265650921297,基督山伯恩,这俩人线下一起打的,15,202506-26 10:49:49,266726516144
265650933553,绳网用户627,一区去一哥家里玩了,46,202506-26 10:50:24,266726516144
266737675696,ppgll_,回复 @绳网用户627 :狼有露脸吗？看上去周哥把摄像头关掉了,1,202506-26 12:56:40,265650933553
265662471297,吾乃圣光教教主,回复 @ppgll_ :狼敢露脸怕不是死仇年代的恨意直接把狼给爆了[笑哭],11,202506-26 13:07:07,266737675696
265664316785,取得名字好多都被取了,回复 @吾乃圣光教教主 :不是听说狼在成为大主播前就早已被盒完了吗，狼在互联网上暴露的信息太多了，不露脸单纯的不想露脸，粥up也没几个露脸吧,3,202506-26 13:28:41,265662471297
266726333520,Carl汪hong,999的战备猛攻萨卡兹！,6,202506-26 10:42:33,0
266725500688,twilight缪星,-34000+，仙术杯绝对值冠军,100,202506-26 10:32:12,0
266724996608,囍有,要不把🐺和周拼一个位置去msc队伍里替补当抗压位吧[doge],107,202506-26 10:25:12,0
265650933601,本来无少爷,然后喜提-3w多分吗,52,202506-26 10:50:24,266724996608
265652822753,纯氧有毒喵,回复 @本来无少爷 :那就问你是不是绝对值冠军[doge],20,202506-26 11:16:55,265650933601
265654923505,天生鸽子必咕咕,拼好集,1,202506-26 11:43:59,266724996608
266752970304,泠鸢azusa,回复 @本来无少爷 :你就说你想不想看吧[doge],0,202506-26 16:23:24,265650933601
265645364705,業灬燚,而你，才是真正的1D999[doge],211,202506-26 09:23:30,0
266721763376,芜湖伤将,1d？3h！,16,202506-26 09:34:53,265645364705
266730666672,槐序之终,1g999,4,202506-26 11:41:05,265645364705
265656119841,i小羊-,回复 @槐序之终 :无法战胜,0,202506-26 11:58:20,266730666672
266736438416,除外区,一天吸999的上位，一把吸999,0,202506-26 12:42:53,265645364705
266720884784,梨狗本梨,双神人小队[doge],27,202506-26 09:20:47,0
265643167921,维什么么么,封面是不是打错了，是萨卡兹不是萨米啊,43,202506-26 08:47:19,0
265654528353,死灰亦可复燃,刚来，现在好像改掉啦,1,202506-26 11:38:58,265643167921
